county_fips,county_name,year,child_pop,child_poverty_rate,pct_black,pct_native_american,pct_hispanic,housing_burden_rate
06047,Merced,2010,80613,20.79,3.97,7.58,54.73,50.13
06049,Modoc,2010,2129,18.51,1.04,1.34,13.61,42.63
06051,Mono,2010,2972,10.16,0.85,0.27,25.15,49.54
06053,Monterey,2010,109489,14.14,3.36,6.56,56.19,49.6
06055,Napa,2010,31230,7.97,2.26,6.74,31.58,50.36
06057,Nevada,2010,19683,6.51,0.44,1.31,8.14,56.87
06059,Orange,2010,741100,8.72,1.65,17.82,33.29,53.06
06061,Placer,2010,83548,4.46,1.35,5.91,12.31,51.12
06063,Plumas,2010,3810,10.97,1.12,0.95,7.89,41.73
06065,Riverside,2010,611230,12.23,6.32,5.87,44.97,56.82
06067,Sacramento,2010,362692,13.15,10.42,14.51,21.16,53.95
06069,San Benito,2010,16186,7.99,1.23,2.38,55.09,53.46
06071,San Bernardino,2010,600656,13.6,9.11,6.32,48.96,54.95
06073,San Diego,2010,718948,10.47,5.2,11.15,32.1,54.04
06075,San Francisco,2010,106534,8.12,6.29,33.91,14.87,42.61
06077,San Joaquin,2010,200865,14.15,7.49,14.69,38.59,54.34
06079,San Luis Obispo,2010,50999,7.48,2.28,3.28,21.21,55.59
06081,San Mateo,2010,157194,6.15,2.94,24.6,24.69,45.27
06083,Santa Barbara,2010,96848,11.68,1.99,5.16,42.55,54.58
06085,Santa Clara,2010,421580,7.13,2.6,32.0,26.68,44.09
06087,Santa Cruz,2010,55155,9.49,0.98,4.27,31.98,55.26
06089,Shasta,2010,40706,14.94,0.84,2.53,8.13,54.56
06091,Sierra,2010,582,5.84,1.1,0.15,7.86,41.96
06093,Siskiyou,2010,9215,16.84,1.32,1.29,10.19,52.44
06095,Solano,2010,103459,9.87,15.29,14.86,23.85,53.28
06097,Sonoma,2010,106522,8.84,1.5,4.02,23.98,52.46
06099,Stanislaus,2010,148737,15.39,2.84,5.31,41.22,55.23
06101,Sutter,2010,25993,14.53,1.63,13.55,28.06,47.54
06103,Tehama,2010,16239,20.85,0.61,1.23,21.27,48.82
06105,Trinity,2010,2608,9.13,0.41,1.26,6.74,45.16
06107,Tulare,2010,140823,21.54,1.48,3.46,59.7,47.97
06109,Tuolumne,2010,10037,9.87,2.51,1.1,11.32,54.64
06111,Ventura,2010,213098,8.41,1.82,6.98,39.51,52.6
06113,Yolo,2010,45135,11.6,2.47,13.54,31.03,54.9
06115,Yuba,2010,20911,20.23,2.58,7.08,24.8,48.61
06001,Alameda,2010,338918,9.65,12.86,26.47,22.29,49.38
06003,Alpine,2010,307,9.77,0.0,4.34,5.7,19.27
06005,Amador,2010,6697,3.49,2.1,1.26,13.42,52.26
06007,Butte,2010,46667,13.55,1.51,4.07,13.82,57.06
06009,Calaveras,2010,9223,6.82,1.03,1.39,10.11,46.43
06011,Colusa,2010,6290,16.82,0.94,1.05,53.62,42.3
06013,Contra Costa,2010,258570,7.63,9.15,14.3,23.66,52.53
06015,Del Norte,2010,6356,23.1,3.94,3.54,19.45,50.3
06017,El Dorado,2010,42118,6.78,0.64,3.41,11.62,51.32
06019,Fresno,2010,274337,21.92,5.13,9.57,50.15,52.27
06021,Glenn,2010,7962,16.21,0.71,2.26,35.86,49.84
06023,Humboldt,2010,27177,13.1,1.14,2.22,9.45,56.02
06025,Imperial,2010,49691,18.43,3.69,1.71,84.06,50.45
06027,Inyo,2010,4040,11.36,0.97,1.42,18.08,45.11
06029,Kern,2010,249633,19.52,5.82,4.13,49.99,51.15
06031,Kings,2010,41857,21.06,8.62,4.36,56.1,42.23
06033,Lake,2010,14065,17.5,2.18,1.08,16.6,58.9
06035,Lassen,2010,6386,9.05,12.36,2.72,24.7,52.53
06037,Los Angeles,2010,2460513,14.61,8.88,13.95,47.88,54.15
06039,Madera,2010,42452,19.49,4.09,2.13,55.53,49.63
06041,Marin,2010,51449,5.21,3.1,5.8,14.86,52.11
06043,Mariposa,2010,3467,12.32,0.54,1.14,9.31,36.47
06045,Mendocino,2010,19628,14.71,1.0,1.84,21.42,51.01
06047,Merced,2011,80678,22.42,3.94,7.58,55.3,51.46
06043,Mariposa,2011,3382,19.81,0.99,1.1,9.5,39.99
06115,Yuba,2011,20968,20.83,2.68,7.17,25.2,49.16
06013,Contra Costa,2011,259160,8.39,9.22,14.39,24.13,52.77
06035,Lassen,2011,6093,10.49,12.53,1.91,24.97,47.51
06099,Stanislaus,2011,148069,16.65,2.9,5.28,41.83,55.17
06097,Sonoma,2011,106283,9.29,1.52,4.09,24.68,52.17
06103,Tehama,2011,16180,21.92,0.67,1.24,21.76,49.56
06051,Mono,2011,2963,8.71,1.3,0.56,26.01,54.44
06069,San Benito,2011,16141,8.69,1.33,2.45,55.86,53.68
06067,Sacramento,2011,362686,14.0,10.43,14.61,21.63,53.96
06017,El Dorado,2011,41496,7.0,0.77,3.5,11.88,50.41
06053,Monterey,2011,110356,15.07,3.27,6.46,57.07,50.82
06091,Sierra,2011,554,4.69,1.17,0.09,7.61,52.6
06033,Lake,2011,13843,19.03,2.27,1.15,17.02,60.72
06049,Modoc,2011,2120,19.43,1.17,0.79,14.03,53.14
06027,Inyo,2011,3986,11.74,1.13,1.5,19.02,45.02
06083,Santa Barbara,2011,96726,11.69,1.92,5.19,43.59,54.47
06025,Imperial,2011,50261,20.15,3.72,1.71,84.66,51.34
06001,Alameda,2011,339631,10.1,12.68,26.66,22.61,49.32
06055,Napa,2011,31335,7.98,2.05,6.98,32.3,52.37
06075,San Francisco,2011,107294,7.96,6.26,33.97,15.13,42.81
06011,Colusa,2011,6356,15.2,0.97,1.2,54.64,42.73
06031,Kings,2011,42256,21.59,8.14,4.26,56.62,44.37
06019,Fresno,2011,276004,22.59,5.15,9.67,50.73,53.19
06059,Orange,2011,738138,9.51,1.68,18.04,33.68,53.57
06101,Sutter,2011,26055,15.81,1.93,14.0,28.62,48.9
06077,San Joaquin,2011,200978,15.04,7.58,14.72,39.19,54.68
06073,San Diego,2011,721299,11.08,5.17,11.19,32.5,54.42
06107,Tulare,2011,142404,22.21,1.66,3.52,60.63,49.51
06113,Yolo,2011,44929,11.8,2.62,13.39,31.01,56.57
06023,Humboldt,2011,26920,14.45,1.23,2.42,9.87,56.04
06057,Nevada,2011,19295,8.35,0.54,1.41,8.4,57.65
06003,Alpine,2011,284,9.15,0.0,3.49,7.33,32.86
06039,Madera,2011,42650,19.94,3.54,2.12,56.35,47.21
06045,Mendocino,2011,19511,16.59,1.1,1.81,22.06,52.16
06087,Santa Cruz,2011,55018,10.14,1.02,4.3,32.38,56.03
06105,Trinity,2011,2546,15.67,0.39,1.18,6.88,47.19
06037,Los Angeles,2011,2427831,15.01,8.76,13.99,48.21,55.07
06065,Riverside,2011,616909,13.07,6.41,6.02,45.7,57.19
06071,San Bernardino,2011,598000,14.48,8.91,6.42,49.76,55.79
06085,Santa Clara,2011,425396,7.49,2.61,32.3,26.99,44.04
06041,Marin,2011,51785,4.96,3.09,5.78,15.42,53.02
06061,Placer,2011,84378,5.2,1.34,6.02,12.69,51.61
06093,Siskiyou,2011,9276,19.32,1.18,1.34,10.32,52.94
06089,Shasta,2011,40201,15.28,0.95,2.65,8.4,54.83
06095,Solano,2011,102270,10.35,15.31,15.05,24.76,52.96
06015,Del Norte,2011,6343,20.54,3.74,3.55,19.95,55.15
06021,Glenn,2011,7892,16.79,0.95,2.34,37.3,49.81
06007,Butte,2011,46172,15.99,1.57,4.32,14.26,56.96
06063,Plumas,2011,3735,11.67,1.38,1.05,8.13,42.68
06079,San Luis Obispo,2011,50655,8.38,2.33,3.45,21.63,55.81
06029,Kern,2011,252072,20.56,5.93,4.19,50.81,51.43
06111,Ventura,2011,212140,9.13,1.79,6.99,40.25,53.51
06009,Calaveras,2011,9038,3.93,1.1,1.34,10.42,43.24
06081,San Mateo,2011,158182,5.71,2.92,24.9,25.17,46.4
06109,Tuolumne,2011,9922,11.15,2.27,1.17,11.37,55.97
06005,Amador,2011,6473,8.6,2.58,1.57,13.89,48.6
06047,Merced,2012,80508,23.56,3.88,7.64,55.93,51.61
06043,Mariposa,2012,3202,15.55,0.78,1.51,9.5,38.4
06115,Yuba,2012,20902,20.39,2.83,7.22,25.72,50.11
06013,Contra Costa,2012,259693,8.97,9.23,14.61,24.47,53.04
06035,Lassen,2012,5723,11.6,12.11,1.86,25.24,52.23
06099,Stanislaus,2012,147089,17.62,2.85,5.23,42.45,55.35
06097,Sonoma,2012,106075,10.2,1.63,4.15,25.15,53.3
06103,Tehama,2012,16034,21.09,0.6,1.13,22.28,48.34
06051,Mono,2012,3013,7.17,0.58,0.79,26.65,49.68
06069,San Benito,2012,16012,10.99,1.5,2.35,56.73,54.96
06067,Sacramento,2012,362464,15.77,10.3,14.74,21.91,54.46
06017,El Dorado,2012,40805,6.08,0.76,3.45,12.08,51.11
06053,Monterey,2012,111291,16.75,3.16,6.58,57.86,52.02
06091,Sierra,2012,529,8.13,1.15,0.13,8.97,46.88
06007,Butte,2012,46039,16.48,1.49,4.31,14.56,56.1
06063,Plumas,2012,3627,12.71,1.29,1.19,8.17,42.68
06079,San Luis Obispo,2012,50680,9.58,2.29,3.6,22.06,54.68
06029,Kern,2012,253669,21.9,5.8,4.28,51.33,52.72
06111,Ventura,2012,211012,9.87,1.82,7.06,40.83,54.99
06009,Calaveras,2012,8765,6.67,1.06,1.43,10.59,47.84
06081,San Mateo,2012,159384,6.35,2.84,25.24,25.42,47.74
06109,Tuolumne,2012,9613,10.27,2.21,1.19,11.59,56.46
06005,Amador,2012,6327,9.12,2.96,1.46,14.06,50.8
06059,Orange,2012,736684,10.3,1.64,18.32,34.0,54.33
06101,Sutter,2012,25917,17.02,1.78,14.17,29.02,49.68
06077,San Joaquin,2012,200868,16.29,7.51,14.65,39.69,55.23
06073,San Diego,2012,723484,11.83,5.19,11.36,32.85,54.85
06107,Tulare,2012,143399,23.3,1.65,3.38,61.47,50.37
06113,Yolo,2012,45294,10.85,2.62,13.4,31.56,57.58
06023,Humboldt,2012,26894,17.09,1.26,2.46,10.14,57.32
06057,Nevada,2012,18886,10.14,0.4,1.42,8.6,58.06
06003,Alpine,2012,270,1.11,0.0,2.76,6.72,44.59
06039,Madera,2012,42818,22.53,3.71,2.13,57.16,47.87
06045,Mendocino,2012,19366,18.64,0.93,1.84,22.53,54.94
06087,Santa Cruz,2012,55109,11.19,1.07,4.3,32.99,56.19
06105,Trinity,2012,2652,16.67,0.89,1.25,7.13,50.13
06037,Los Angeles,2012,2402354,15.86,8.67,14.05,48.48,55.86
06065,Riverside,2012,618744,14.32,6.41,6.07,46.26,57.88
06071,San Bernardino,2012,593753,16.06,8.93,6.52,50.4,56.79
06085,Santa Clara,2012,429068,7.75,2.64,32.77,27.14,44.8
06041,Marin,2012,52097,5.18,2.98,5.89,15.78,53.03
06061,Placer,2012,84976,6.84,1.23,6.24,12.92,52.3
06093,Siskiyou,2012,9195,20.61,1.26,1.36,10.56,53.01
06089,Shasta,2012,39757,16.11,0.93,2.7,8.58,55.83
06095,Solano,2012,101147,11.58,14.82,15.42,25.06,53.14
06015,Del Norte,2012,6061,20.95,4.34,3.47,20.5,54.2
06021,Glenn,2012,7824,17.77,0.86,2.47,38.16,45.18
06033,Lake,2012,13628,19.89,2.36,1.13,17.47,61.58
06049,Modoc,2012,2109,16.97,1.41,0.39,14.58,47.05
06027,Inyo,2012,3920,10.23,0.92,1.5,19.93,46.69
06083,Santa Barbara,2012,97452,13.08,2.07,5.11,44.45,54.24
06025,Imperial,2012,50535,20.87,3.46,1.64,85.47,51.14
06001,Alameda,2012,340863,10.11,12.47,26.91,22.81,49.67
06055,Napa,2012,31338,8.33,2.07,7.09,32.96,51.47
06075,San Francisco,2012,108353,8.03,6.08,33.99,15.28,43.89
06011,Colusa,2012,6352,19.52,0.84,1.06,55.8,43.99
06031,Kings,2012,42185,22.73,7.81,4.28,57.75,45.73
06019,Fresno,2012,276998,24.57,5.19,9.72,51.22,54.34
06073,San Diego,2013,724796,12.38,5.2,11.41,33.21,55.01
06107,Tulare,2013,143945,24.66,1.7,3.4,62.09,51.89
06113,Yolo,2013,45308,11.73,2.65,13.43,31.93,56.51
06023,Humboldt,2013,26678,16.32,1.25,2.35,10.4,56.89
06057,Nevada,2013,18462,10.61,0.42,1.5,8.8,57.81
06003,Alpine,2013,254,7.09,0.63,1.53,7.84,54.79
06039,Madera,2013,42869,23.46,3.57,2.18,57.54,47.43
06045,Mendocino,2013,19176,19.02,0.74,1.78,23.05,53.3
06087,Santa Cruz,2013,55214,11.23,1.02,4.45,33.56,58.23
06105,Trinity,2013,2467,14.43,0.95,1.25,7.14,46.72
06037,Los Angeles,2013,2371472,16.58,8.56,14.1,48.69,56.41
06065,Riverside,2013,617524,14.9,6.33,6.11,46.75,57.71
06071,San Bernardino,2013,588407,16.93,8.92,6.61,51.07,56.79
06085,Santa Clara,2013,431785,8.21,2.68,33.04,27.2,45.54
06041,Marin,2013,52556,5.72,2.94,5.81,16.01,53.19
06061,Placer,2013,85385,7.41,1.22,6.33,13.15,51.78
06093,Siskiyou,2013,9135,22.24,1.31,1.39,10.93,54.58
06089,Shasta,2013,39313,15.82,0.97,2.5,8.8,55.5
06095,Solano,2013,100236,13.38,14.52,15.2,25.33,55.19
06015,Del Norte,2013,6063,21.16,3.67,2.86,21.08,54.23
06021,Glenn,2013,7754,16.74,0.8,2.55,38.89,42.32
06007,Butte,2013,45761,15.68,1.38,4.41,14.9,56.48
06063,Plumas,2013,3558,13.13,1.24,0.78,8.3,43.79
06079,San Luis Obispo,2013,50889,9.92,2.32,3.69,22.45,54.63
06029,Kern,2013,254390,22.68,5.84,4.45,51.85,52.11
06111,Ventura,2013,209433,11.05,1.86,7.0,41.32,56.11
06009,Calaveras,2013,8610,6.6,0.87,1.28,10.79,45.56
06081,San Mateo,2013,160568,6.48,2.75,25.67,25.57,48.53
06109,Tuolumne,2013,9423,11.49,2.27,1.2,11.74,59.3
06005,Amador,2013,6066,16.39,2.79,1.59,14.26,53.28
06047,Merced,2013,80203,24.52,3.79,7.79,56.72,50.85
06043,Mariposa,2013,3124,16.61,0.88,1.09,9.59,42.77
06115,Yuba,2013,20862,20.14,3.07,7.35,26.23,54.75
06013,Contra Costa,2013,260120,9.26,9.19,14.85,24.76,52.73
06035,Lassen,2013,5414,14.85,12.2,2.05,25.98,45.52
06099,Stanislaus,2013,146284,18.91,2.86,5.34,43.0,55.07
06097,Sonoma,2013,105145,10.07,1.59,4.08,25.57,53.53
06103,Tehama,2013,15804,19.94,0.71,1.19,22.79,47.91
06051,Mono,2013,2988,6.89,0.42,0.78,27.05,38.2
06069,San Benito,2013,15826,10.65,1.31,2.06,57.18,54.0
06067,Sacramento,2013,361727,16.78,10.25,14.87,22.17,54.87
06017,El Dorado,2013,40128,6.81,0.95,3.58,12.26,50.29
06053,Monterey,2013,111948,17.47,3.09,6.48,58.53,54.38
06091,Sierra,2013,515,7.18,0.58,0.06,9.09,43.53
06083,Santa Barbara,2013,97839,13.81,2.07,5.23,45.08,54.66
06025,Imperial,2013,50858,21.85,3.29,1.58,86.11,51.0
06001,Alameda,2013,341314,10.44,12.3,27.28,22.94,49.94
06055,Napa,2013,31324,9.29,2.19,7.3,33.49,51.48
06075,San Francisco,2013,109537,8.07,5.96,33.87,15.43,43.81
06011,Colusa,2013,6236,14.82,0.91,1.16,56.63,42.06
06031,Kings,2013,42150,21.67,7.68,4.2,58.58,46.17
06019,Fresno,2013,277524,25.7,5.18,9.79,51.7,54.54
06059,Orange,2013,732841,10.96,1.65,18.56,34.26,54.82
06101,Sutter,2013,25728,16.64,1.85,14.43,29.43,51.59
06077,San Joaquin,2013,199991,16.61,7.36,14.66,40.18,54.89
06033,Lake,2013,13341,22.91,2.46,1.26,17.87,63.7
06049,Modoc,2013,2069,15.18,1.37,0.36,14.85,49.44
06027,Inyo,2013,3881,12.6,0.99,1.54,20.44,44.02
06033,Lake,2014,13209,20.77,2.36,1.21,18.33,61.97
06049,Modoc,2014,1981,15.55,1.2,0.58,14.91,50.7
06027,Inyo,2014,3879,12.35,1.13,1.4,20.83,44.76
06083,Santa Barbara,2014,98110,14.43,2.05,5.25,45.57,54.62
06025,Imperial,2014,50993,22.39,3.13,1.58,86.59,51.92
06001,Alameda,2014,342075,10.58,12.07,27.69,23.02,50.25
06055,Napa,2014,31079,9.22,2.21,7.64,33.88,52.27
06075,San Francisco,2014,111188,7.42,5.84,34.12,15.51,43.18
06011,Colusa,2014,6169,14.75,0.93,1.34,57.38,44.1
06031,Kings,2014,41869,23.12,7.4,4.16,59.31,47.09
06019,Fresno,2014,277827,27.42,5.18,9.88,52.14,55.05
06059,Orange,2014,729650,11.46,1.66,18.81,34.46,55.48
06101,Sutter,2014,25534,16.73,2.05,14.8,29.74,49.97
06077,San Joaquin,2014,199585,18.05,7.34,14.92,40.56,54.55
06047,Merced,2014,80126,24.77,3.56,7.74,57.47,50.96
06043,Mariposa,2014,3095,15.38,0.87,1.3,9.72,40.45
06115,Yuba,2014,20780,20.21,3.31,7.17,26.71,53.02
06013,Contra Costa,2014,260195,9.1,9.05,15.06,24.99,52.93
06035,Lassen,2014,5012,15.92,12.87,2.26,26.77,45.51
06099,Stanislaus,2014,145775,18.99,2.8,5.34,43.55,54.84
06097,Sonoma,2014,104532,10.13,1.54,4.08,25.91,54.55
06103,Tehama,2014,15579,18.22,0.51,1.29,23.34,47.48
06051,Mono,2014,2875,5.01,0.45,0.82,27.29,32.6
06069,San Benito,2014,15788,11.3,1.01,2.13,57.75,54.06
06091,Sierra,2014,501,7.58,0.13,0.1,9.46,57.19
06067,Sacramento,2014,361130,17.29,10.25,15.06,22.42,54.12
06017,El Dorado,2014,39455,8.38,0.99,3.82,12.45,49.38
06053,Monterey,2014,112718,18.16,2.91,6.52,59.07,55.41
06073,San Diego,2014,726898,12.28,5.17,11.54,33.51,54.42
06107,Tulare,2014,144268,25.14,1.77,3.37,62.69,51.45
06113,Yolo,2014,45257,12.76,2.71,13.73,32.23,57.49
06023,Humboldt,2014,26524,16.26,1.34,2.33,10.62,55.95
06057,Nevada,2014,18115,12.83,0.37,1.51,8.95,56.51
06003,Alpine,2014,235,6.81,0.93,1.01,7.26,49.28
06039,Madera,2014,42835,23.18,3.74,2.32,58.43,47.69
06037,Los Angeles,2014,2347600,17.18,8.48,14.2,48.89,56.97
06045,Mendocino,2014,19216,19.13,0.82,1.82,23.61,54.29
06087,Santa Cruz,2014,54991,11.36,0.96,4.54,33.99,59.39
06105,Trinity,2014,2384,12.75,0.83,1.19,7.21,48.43
06065,Riverside,2014,616767,15.5,6.33,6.21,47.26,57.95
06071,San Bernardino,2014,584394,17.38,8.88,6.73,51.75,57.04
06085,Santa Clara,2014,434411,7.69,2.68,33.67,27.15,46.25
06041,Marin,2014,52816,7.27,2.77,5.84,16.19,53.5
06061,Placer,2014,85402,7.44,1.3,6.5,13.33,51.55
06093,Siskiyou,2014,9062,23.87,1.31,1.43,11.26,54.91
06089,Shasta,2014,39105,16.75,1.0,2.54,9.05,57.36
06095,Solano,2014,99575,13.26,14.57,15.48,25.67,53.48
06015,Del Norte,2014,5984,21.76,4.13,2.47,21.46,49.55
06021,Glenn,2014,7655,16.37,0.9,2.38,39.49,40.56
06007,Butte,2014,45530,17.34,1.5,4.33,15.22,57.33
06063,Plumas,2014,3342,14.03,0.71,1.05,8.43,47.14
06079,San Luis Obispo,2014,50725,10.36,2.24,3.95,22.8,53.97
06029,Kern,2014,255295,22.99,5.87,4.59,52.41,51.77
06111,Ventura,2014,208063,11.27,1.82,7.09,41.79,55.89
06009,Calaveras,2014,8398,8.32,0.66,1.19,11.08,44.25
06081,San Mateo,2014,161600,6.36,2.66,26.26,25.58,48.39
06109,Tuolumne,2014,9153,12.39,2.01,1.52,11.93,53.53
06005,Amador,2014,5979,16.57,2.47,1.52,14.34,56.82
06047,Merced,2015,79992,25.27,3.5,7.72,58.23,51.33
06043,Mariposa,2015,2983,11.97,1.09,1.31,10.24,38.47
06115,Yuba,2015,20652,20.0,3.4,7.3,27.13,53.9
06013,Contra Costa,2015,260467,9.05,8.96,15.39,25.16,52.3
06035,Lassen,2015,4916,16.6,12.8,2.26,27.47,46.88
06099,Stanislaus,2015,145559,18.98,2.75,5.48,44.12,54.37
06097,Sonoma,2015,103689,9.87,1.58,3.94,26.15,53.86
06103,Tehama,2015,15281,20.48,0.52,1.3,23.78,49.99
06051,Mono,2015,2822,5.0,0.56,1.1,27.51,26.62
06069,San Benito,2015,15773,10.6,0.78,2.68,58.22,50.36
06067,Sacramento,2015,360744,17.2,10.1,15.26,22.62,52.93
06017,El Dorado,2015,38825,8.39,0.99,3.99,12.59,47.17
06053,Monterey,2015,113389,17.68,2.92,6.38,59.66,54.51
06091,Sierra,2015,463,13.39,0.1,0.03,8.96,60.89
06073,San Diego,2015,727474,12.28,5.19,11.74,33.76,54.08
06107,Tulare,2015,144013,25.86,1.75,3.45,63.32,52.04
06113,Yolo,2015,45366,12.8,2.71,14.21,32.37,56.19
06023,Humboldt,2015,26444,15.92,1.3,2.71,10.85,55.62
06057,Nevada,2015,17810,11.59,0.49,1.45,9.11,54.77
06003,Alpine,2015,251,4.38,0.99,1.26,9.69,47.37
06039,Madera,2015,42771,23.45,3.68,2.25,59.08,48.66
06045,Mendocino,2015,19093,18.2,0.68,1.97,24.06,53.77
06087,Santa Cruz,2015,54688,11.22,0.98,4.58,34.25,59.29
06105,Trinity,2015,2318,13.5,1.15,1.53,7.27,50.82
06037,Los Angeles,2015,2322174,17.08,8.4,14.35,48.98,56.86
06065,Riverside,2015,614733,15.4,6.36,6.28,47.72,56.99
06071,San Bernardino,2015,579758,18.0,8.77,6.85,52.42,56.82
06085,Santa Clara,2015,435435,7.1,2.63,34.28,27.01,46.18
06041,Marin,2015,53142,6.83,2.62,5.84,16.25,51.51
06061,Placer,2015,85308,6.96,1.43,6.74,13.54,51.55
06093,Siskiyou,2015,8922,24.59,1.43,1.59,11.6,53.69
06089,Shasta,2015,38961,16.19,1.01,2.69,9.29,55.94
06095,Solano,2015,99163,13.33,14.28,15.46,25.95,54.23
06015,Del Norte,2015,5897,20.96,3.36,2.51,22.18,47.63
06021,Glenn,2015,7590,18.27,0.98,2.52,40.24,45.3
06007,Butte,2015,45422,16.86,1.47,4.41,15.54,57.59
06063,Plumas,2015,3227,11.4,0.67,0.96,8.48,47.38
06079,San Luis Obispo,2015,50846,10.5,2.18,3.88,23.06,53.85
06029,Kern,2015,255909,23.47,5.88,4.74,52.92,51.06
06111,Ventura,2015,206217,11.37,1.82,7.17,42.15,56.36
06009,Calaveras,2015,8190,9.27,0.59,0.91,11.23,47.58
06081,San Mateo,2015,162030,6.63,2.62,26.77,25.49,48.97
06109,Tuolumne,2015,9089,11.13,1.96,1.47,12.15,54.44
06005,Amador,2015,5737,17.45,2.6,1.64,14.56,55.76
06033,Lake,2015,13120,21.04,2.28,1.31,18.81,59.57
06049,Modoc,2015,1884,12.79,0.53,1.12,15.09,52.86
06027,Inyo,2015,3827,10.03,1.1,1.37,21.27,41.62
06083,Santa Barbara,2015,98487,14.54,2.09,5.39,46.02,54.83
06025,Imperial,2015,51022,22.04,3.09,1.65,87.19,53.74
06001,Alameda,2015,343309,10.2,11.87,28.2,23.0,50.0
06055,Napa,2015,31100,8.75,2.15,7.91,34.15,51.94
06075,San Francisco,2015,112704,7.67,5.66,34.39,15.55,41.71
06011,Colusa,2015,6051,16.06,0.71,1.98,57.96,39.96
06031,Kings,2015,41626,21.96,7.1,4.24,60.07,47.71
06019,Fresno,2015,277818,27.04,5.16,9.95,52.59,55.03
06059,Orange,2015,725250,11.61,1.68,19.18,34.58,55.21
06101,Sutter,2015,25300,17.78,2.18,14.92,30.03,53.43
06077,San Joaquin,2015,199312,17.17,7.24,15.08,40.91,54.21
06073,San Diego,2016,727664,12.02,5.17,11.86,33.93,54.06
06107,Tulare,2016,143945,26.12,1.61,3.56,63.84,51.65
06113,Yolo,2016,45453,12.14,2.56,14.43,32.47,53.22
06023,Humboldt,2016,26399,14.48,1.22,2.84,11.02,56.58
06057,Nevada,2016,17548,10.55,0.51,1.31,9.23,51.23
06003,Alpine,2016,274,9.85,0.85,0.77,7.86,38.1
06039,Madera,2016,42662,22.76,3.51,2.1,59.39,52.02
06045,Mendocino,2016,19043,17.69,0.66,1.79,24.37,54.37
06087,Santa Cruz,2016,54522,11.34,0.91,4.68,34.46,57.58
06105,Trinity,2016,2277,16.47,1.11,1.58,7.34,60.38
06037,Los Angeles,2016,2296785,16.83,8.39,14.45,49.08,56.49
06065,Riverside,2016,613547,15.21,6.34,6.25,48.18,56.42
06071,San Bernardino,2016,576482,17.98,8.81,6.94,53.11,56.33
06085,Santa Clara,2016,435218,6.86,2.59,34.91,26.75,46.23
06041,Marin,2016,53207,6.82,2.4,5.81,16.18,49.8
06061,Placer,2016,85141,6.52,1.49,6.77,13.59,49.76
06093,Siskiyou,2016,8841,23.95,1.64,1.61,11.79,52.93
06089,Shasta,2016,38822,17.12,1.0,2.99,9.47,55.43
06095,Solano,2016,98840,12.4,14.5,15.63,26.1,54.11
06015,Del Norte,2016,5855,20.17,2.67,2.8,22.18,43.25
06021,Glenn,2016,7572,18.7,0.71,2.49,40.87,42.41
06007,Butte,2016,45472,15.41,1.54,4.42,15.8,58.36
06063,Plumas,2016,3108,8.62,0.14,0.93,8.59,45.66
06079,San Luis Obispo,2016,50812,9.65,2.1,3.95,23.25,51.78
06029,Kern,2016,256757,22.83,5.75,4.77,53.57,51.01
06111,Ventura,2016,204168,10.56,1.79,7.18,42.47,56.12
06009,Calaveras,2016,8042,11.81,0.58,1.01,11.36,50.15
06081,San Mateo,2016,162440,6.46,2.48,27.24,25.28,48.18
06109,Tuolumne,2016,8983,11.48,2.03,1.4,12.36,53.71
06005,Amador,2016,5745,13.89,2.72,1.66,14.63,55.22
06033,Lake,2016,13028,21.53,2.21,1.38,19.1,59.29
06049,Modoc,2016,1812,9.6,0.94,1.48,15.24,38.71
06027,Inyo,2016,3772,10.13,1.02,1.26,21.84,41.93
06083,Santa Barbara,2016,98870,13.59,2.11,5.55,46.35,55.43
06025,Imperial,2016,51341,22.27,2.89,1.52,87.88,51.81
06001,Alameda,2016,344212,9.69,11.54,28.69,22.95,49.63
06055,Napa,2016,30852,6.61,2.15,7.97,34.39,49.63
06075,San Francisco,2016,114628,7.18,5.45,34.41,15.53,40.65
06011,Colusa,2016,5936,13.21,1.05,1.64,58.4,39.59
06031,Kings,2016,41331,20.36,7.23,4.29,60.18,47.39
06019,Fresno,2016,278246,27.61,5.12,10.09,52.93,55.46
06059,Orange,2016,721172,11.09,1.66,19.45,34.59,55.18
06101,Sutter,2016,25180,17.13,1.97,15.22,30.19,50.64
06077,San Joaquin,2016,199521,15.94,7.11,15.19,41.25,53.41
06047,Merced,2016,79805,23.79,3.44,7.67,58.94,49.27
06043,Mariposa,2016,2918,10.76,1.29,1.28,10.25,43.44
06115,Yuba,2016,20606,19.35,3.11,7.06,27.42,56.17
06013,Contra Costa,2016,260665,8.54,8.84,15.65,25.29,51.26
06035,Lassen,2016,5262,16.57,12.95,2.43,26.76,45.14
06099,Stanislaus,2016,145560,16.77,2.76,5.48,44.79,53.75
06097,Sonoma,2016,102675,9.23,1.6,3.96,26.4,53.38
06103,Tehama,2016,15159,22.98,0.63,1.42,24.05,50.98
06051,Mono,2016,2783,9.02,0.65,1.2,27.73,25.71
06069,San Benito,2016,15708,11.26,0.76,2.63,58.69,49.97
06067,Sacramento,2016,360897,17.18,10.04,15.37,22.82,52.46
06017,El Dorado,2016,38406,7.46,0.98,4.19,12.61,46.05
06053,Monterey,2016,113889,17.23,2.79,6.12,60.0,53.77
06091,Sierra,2016,425,13.65,0.07,0.03,10.51,55.38
06047,Merced,2017,79864,22.73,3.3,7.75,59.63,48.57
06033,Lake,2017,13128,21.34,2.37,1.51,19.72,55.75
06043,Mariposa,2017,2902,7.44,1.23,0.96,10.71,44.6
06049,Modoc,2017,1758,12.17,0.74,1.2,15.09,41.81
06115,Yuba,2017,20665,16.68,3.39,6.58,27.92,53.33
06013,Contra Costa,2017,261503,7.97,8.65,16.16,25.49,50.67
06027,Inyo,2017,3708,10.17,0.98,1.53,21.95,43.57
06035,Lassen,2017,5025,14.03,12.75,2.15,27.05,42.29
06099,Stanislaus,2017,146335,15.92,2.85,5.56,45.43,52.56
06083,Santa Barbara,2017,99286,13.4,1.96,5.64,46.82,55.0
06097,Sonoma,2017,101946,8.37,1.59,3.97,26.7,53.08
06103,Tehama,2017,15127,21.91,0.61,1.46,24.57,55.81
06025,Imperial,2017,51734,21.51,2.81,1.52,88.3,50.65
06051,Mono,2017,2738,8.88,0.53,2.01,27.36,29.55
06069,San Benito,2017,15629,10.31,0.76,2.83,59.26,46.98
06001,Alameda,2017,344912,8.81,11.26,29.42,22.91,48.9
06067,Sacramento,2017,361889,15.71,10.0,15.56,23.1,52.19
06017,El Dorado,2017,38163,7.41,0.98,4.29,12.7,46.26
06055,Napa,2017,30346,5.71,2.18,8.11,34.6,50.78
06053,Monterey,2017,114309,15.18,2.71,5.99,60.39,53.84
06075,San Francisco,2017,115952,7.2,5.37,34.72,15.51,38.78
06091,Sierra,2017,426,9.15,0.14,0.0,10.15,57.96
06107,Tulare,2017,143843,24.79,1.58,3.55,64.42,52.07
06113,Yolo,2017,45711,11.85,2.59,14.24,32.64,51.53
06023,Humboldt,2017,26358,14.79,1.22,2.97,11.34,56.78
06057,Nevada,2017,17372,9.55,0.59,1.15,9.31,51.44
06003,Alpine,2017,258,8.14,1.52,0.67,9.85,33.33
06039,Madera,2017,42747,22.25,3.38,2.26,60.1,53.12
06045,Mendocino,2017,19038,16.18,0.72,1.75,24.88,52.05
06087,Santa Cruz,2017,54347,11.15,0.92,4.78,34.73,58.8
06105,Trinity,2017,2163,17.66,0.81,1.26,7.31,60.8
06037,Los Angeles,2017,2273580,15.92,8.33,14.67,49.15,56.11
06065,Riverside,2017,613721,14.11,6.42,6.39,48.71,56.36
06071,San Bernardino,2017,573723,17.19,8.66,7.11,53.77,55.54
06085,Santa Clara,2017,435016,6.38,2.57,35.69,26.48,45.81
06041,Marin,2017,53113,6.69,2.26,5.86,16.26,49.81
06061,Placer,2017,85279,5.34,1.55,7.0,13.76,49.1
06093,Siskiyou,2017,8815,20.64,1.57,1.59,12.1,52.32
06089,Shasta,2017,38767,17.18,1.14,3.01,9.77,55.57
06095,Solano,2017,98898,11.08,14.55,15.65,26.41,53.23
06015,Del Norte,2017,5827,18.28,2.06,3.24,22.03,43.07
06011,Colusa,2017,5964,13.53,0.93,1.54,58.91,41.45
06021,Glenn,2017,7508,17.16,0.8,2.65,41.42,43.35
06007,Butte,2017,45454,14.34,1.54,4.63,16.15,58.26
06031,Kings,2017,41163,19.47,7.15,4.24,60.14,46.56
06063,Plumas,2017,3066,7.5,0.87,0.81,8.7,51.43
06079,San Luis Obispo,2017,50766,8.58,2.04,3.89,23.54,51.02
06019,Fresno,2017,279215,26.13,4.99,10.25,53.32,54.1
06029,Kern,2017,257652,22.31,5.68,4.87,54.18,50.75
06059,Orange,2017,716767,10.74,1.71,19.92,34.61,54.98
06111,Ventura,2017,202341,9.84,1.77,7.29,42.83,55.31
06009,Calaveras,2017,7945,13.08,0.59,1.18,11.6,51.79
06101,Sutter,2017,25120,17.03,2.09,15.42,30.61,49.95
06081,San Mateo,2017,162234,5.62,2.45,27.84,25.1,47.66
06109,Tuolumne,2017,9047,10.68,1.93,1.2,12.61,49.08
06077,San Joaquin,2017,200364,15.48,7.1,15.39,41.61,52.8
06005,Amador,2017,5731,14.74,2.37,1.73,14.73,53.74
06073,San Diego,2017,728462,11.42,5.14,11.99,34.2,54.21
06033,Lake,2018,13290,18.88,2.48,1.05,20.35,52.74
06047,Merced,2018,80062,22.17,3.34,7.66,60.27,47.6
06043,Mariposa,2018,2865,11.66,0.96,1.4,11.01,47.32
06049,Modoc,2018,1733,13.5,1.72,1.62,14.93,33.14
06013,Contra Costa,2018,261300,7.43,8.66,16.47,25.64,50.26
06027,Inyo,2018,3635,9.52,0.91,1.65,22.3,44.57
06099,Stanislaus,2018,146907,14.81,2.91,5.47,46.04,51.05
06083,Santa Barbara,2018,99117,12.55,2.03,5.62,47.13,54.64
06051,Mono,2018,2689,11.42,0.75,2.41,27.52,32.13
06069,San Benito,2018,15603,9.85,0.74,2.94,59.65,46.19
06067,Sacramento,2018,362761,14.96,10.01,15.81,23.3,52.12
06017,El Dorado,2018,38016,6.09,0.81,4.48,12.77,46.35
06053,Monterey,2018,114125,14.86,2.69,5.85,60.72,53.18
06075,San Francisco,2018,116897,6.42,5.3,34.76,15.49,36.98
06073,San Diego,2018,726344,10.75,5.17,12.12,34.36,54.47
06107,Tulare,2018,143528,23.4,1.61,3.62,64.89,51.52
06023,Humboldt,2018,26259,14.54,1.2,3.14,11.59,57.24
06003,Alpine,2018,239,12.97,0.79,0.7,9.16,14.58
06039,Madera,2018,42814,21.41,3.43,2.25,60.59,50.73
06087,Santa Cruz,2018,53761,10.68,0.99,4.8,34.95,57.8
06105,Trinity,2018,2172,22.19,0.69,1.64,7.36,55.91
06065,Riverside,2018,613808,13.15,6.54,6.48,49.18,55.82
06071,San Bernardino,2018,572852,16.55,8.6,7.22,54.34,55.49
06041,Marin,2018,52908,5.88,2.25,5.9,16.27,49.39
06061,Placer,2018,85719,5.27,1.65,7.31,13.94,49.39
06089,Shasta,2018,38673,15.65,1.25,3.08,9.99,53.54
06095,Solano,2018,98813,9.83,14.44,15.84,26.73,51.77
06011,Colusa,2018,5883,13.79,1.7,1.52,59.49,40.52
06103,Tehama,2018,15178,22.22,0.75,1.54,24.98,51.08
06115,Yuba,2018,20874,16.18,3.28,6.89,28.35,50.12
06035,Lassen,2018,4926,12.85,12.9,2.06,27.48,44.65
06097,Sonoma,2018,100818,7.98,1.61,4.06,26.89,52.41
06025,Imperial,2018,51676,22.04,2.69,1.57,88.6,51.06
06001,Alameda,2018,344513,8.18,10.95,30.08,22.82,48.01
06055,Napa,2018,29894,4.9,2.09,8.29,34.77,51.03
06091,Sierra,2018,441,9.75,0.21,0.0,11.16,61.04
06113,Yolo,2018,45919,11.37,2.82,14.3,32.75,52.48
06057,Nevada,2018,17189,8.64,0.67,1.03,9.47,51.87
06045,Mendocino,2018,18891,16.82,0.62,1.97,25.25,51.94
06037,Los Angeles,2018,2246521,14.92,8.28,14.78,49.19,55.46
06085,Santa Clara,2018,432684,5.16,2.54,36.43,26.19,45.31
06093,Siskiyou,2018,8797,19.5,1.46,1.57,12.36,49.82
06015,Del Norte,2018,5954,18.27,3.24,4.03,22.05,46.42
06021,Glenn,2018,7470,14.7,0.93,2.99,41.91,42.49
06007,Butte,2018,45658,14.31,1.57,4.59,16.43,57.9
06031,Kings,2018,40935,20.08,7.18,4.41,60.18,45.5
06063,Plumas,2018,3063,7.25,1.06,1.09,8.86,46.08
06079,San Luis Obispo,2018,50492,7.5,1.98,3.86,23.74,50.75
06019,Fresno,2018,279979,24.61,4.93,10.4,53.64,53.64
06029,Kern,2018,257750,21.41,5.66,4.91,54.69,50.52
06059,Orange,2018,711188,9.9,1.75,20.33,34.54,54.52
06111,Ventura,2018,199599,8.46,1.77,7.38,43.04,55.32
06009,Calaveras,2018,7768,13.08,0.67,1.27,11.84,54.02
06101,Sutter,2018,25116,15.91,2.12,15.45,30.98,46.91
06081,San Mateo,2018,161248,5.15,2.35,28.34,24.88,47.1
06109,Tuolumne,2018,9013,11.27,1.83,1.48,12.91,46.54
06077,San Joaquin,2018,201506,14.92,7.25,15.74,41.96,52.28
06005,Amador,2018,5822,8.47,2.31,1.46,15.02,54.28
06047,Merced,2019,80459,20.27,3.26,7.67,61.01,45.97
06043,Mariposa,2019,2840,20.28,1.47,1.22,11.4,52.34
06049,Modoc,2019,1752,12.67,1.58,1.15,15.01,38.88
06013,Contra Costa,2019,261203,6.86,8.8,16.86,25.8,49.82
06027,Inyo,2019,3609,9.75,0.87,1.99,22.89,38.35
06099,Stanislaus,2019,147623,13.77,3.07,5.57,46.65,49.95
06083,Santa Barbara,2019,99184,10.49,2.11,5.85,47.49,54.27
06103,Tehama,2019,15258,22.62,0.84,1.53,25.27,52.32
06051,Mono,2019,2671,16.74,0.78,2.59,27.24,35.83
06069,San Benito,2019,15678,7.38,0.82,3.0,60.08,45.83
06067,Sacramento,2019,363176,13.46,9.96,15.92,23.49,52.26
06017,El Dorado,2019,37922,5.9,0.81,4.58,12.97,48.14
06053,Monterey,2019,113869,13.4,2.73,5.84,61.09,53.16
06075,San Francisco,2019,117546,6.32,5.29,34.95,15.48,35.3
06073,San Diego,2019,722738,9.76,5.16,12.2,34.55,54.46
06107,Tulare,2019,143158,21.7,1.58,3.66,65.38,51.59
06023,Humboldt,2019,26137,13.68,1.14,3.16,11.86,57.55
06003,Alpine,2019,201,19.4,0.87,0.96,12.51,19.64
06039,Madera,2019,42853,20.84,3.37,2.2,61.15,49.13
06087,Santa Cruz,2019,53121,8.94,1.11,5.01,35.08,55.91
06105,Trinity,2019,2166,21.05,1.02,1.81,7.44,52.0
06065,Riverside,2019,614149,11.91,6.61,6.63,49.69,55.34
06071,San Bernardino,2019,571568,15.31,8.57,7.38,54.79,54.63
06041,Marin,2019,52633,5.36,2.27,6.05,16.36,48.58
06061,Placer,2019,86331,4.77,1.73,7.56,14.12,48.88
06089,Shasta,2019,38679,15.59,1.18,3.29,10.2,49.66
06095,Solano,2019,98839,8.93,14.28,15.83,27.13,51.54
06011,Colusa,2019,5842,12.92,1.54,1.45,59.88,39.16
06021,Glenn,2019,7485,14.51,0.84,3.0,42.44,44.91
06007,Butte,2019,45439,13.33,1.57,4.74,16.77,55.49
06031,Kings,2019,41039,17.55,7.1,4.28,60.44,44.93
06063,Plumas,2019,3117,4.72,0.91,1.21,9.11,40.58
06079,San Luis Obispo,2019,50176,6.37,2.0,3.87,23.88,51.32
06019,Fresno,2019,280844,22.58,4.83,10.52,53.96,53.02
06029,Kern,2019,258089,20.2,5.66,4.91,55.23,51.67
06059,Orange,2019,704508,9.13,1.78,20.73,34.46,53.94
06111,Ventura,2019,196787,7.86,1.87,7.45,43.29,55.32
06009,Calaveras,2019,7811,12.47,0.7,1.52,12.18,51.82
06101,Sutter,2019,25059,14.79,1.92,15.85,31.34,49.03
06081,San Mateo,2019,159504,4.56,2.34,28.92,24.6,46.31
06109,Tuolumne,2019,8987,9.88,1.95,1.49,13.09,48.04
06077,San Joaquin,2019,202701,13.4,7.14,15.89,42.29,51.79
06005,Amador,2019,5847,7.53,2.61,1.46,15.39,50.07
06033,Lake,2019,13400,15.55,2.29,1.14,20.94,46.99
06115,Yuba,2019,21078,12.79,3.51,6.96,28.84,50.18
06035,Lassen,2019,4602,10.76,12.78,2.04,27.82,43.36
06097,Sonoma,2019,99190,6.57,1.68,4.15,27.12,51.95
06025,Imperial,2019,51853,21.65,2.63,1.57,89.19,50.84
06001,Alameda,2019,344027,7.59,10.78,30.63,22.76,47.58
06055,Napa,2019,29201,4.48,2.11,8.33,34.87,49.96
06091,Sierra,2019,482,9.34,0.07,0.0,10.75,42.46
06113,Yolo,2019,46026,10.57,2.79,14.56,32.84,50.24
06057,Nevada,2019,17099,7.19,0.58,1.09,9.55,55.24
06045,Mendocino,2019,18702,17.77,0.73,2.11,25.56,49.46
06037,Los Angeles,2019,2214760,13.72,8.26,14.84,49.24,54.85
06085,Santa Clara,2019,428382,4.75,2.53,37.07,25.89,44.56
06093,Siskiyou,2019,8826,17.79,1.61,1.64,12.69,46.84
06015,Del Norte,2019,5920,14.37,3.84,3.63,22.21,48.91
06001,Alameda,2020,341591,6.81,10.51,31.75,22.6,46.32
06003,Alpine,2020,252,14.29,0.86,0.52,15.79,9.21
06007,Butte,2020,44865,12.6,1.78,4.93,17.26,53.53
06011,Colusa,2020,5863,10.63,1.55,0.94,60.28,39.66
06013,Contra Costa,2020,260191,6.24,8.66,17.58,25.98,49.88
06017,El Dorado,2020,37911,5.65,0.84,4.83,13.13,48.6
06019,Fresno,2020,281391,20.54,4.75,10.82,54.29,52.45
06023,Humboldt,2020,25945,13.31,1.17,2.97,12.22,57.59
06025,Imperial,2020,51772,21.02,2.77,1.52,89.68,51.02
06029,Kern,2020,258159,19.04,5.64,5.04,55.83,50.82
06031,Kings,2020,40923,15.8,7.18,4.11,60.64,41.4
06035,Lassen,2020,4937,10.78,13.02,2.26,28.27,41.55
06039,Madera,2020,42781,19.08,3.34,2.28,61.71,46.05
06041,Marin,2020,51974,5.16,2.36,5.93,16.44,48.31
06043,Mariposa,2020,2844,19.87,1.55,1.09,11.93,53.7
06045,Mendocino,2020,18592,15.59,0.5,2.03,26.11,52.2
06047,Merced,2020,80729,18.27,3.06,7.81,61.67,44.0
06049,Modoc,2020,1743,14.11,1.43,1.97,15.33,35.87
06053,Monterey,2020,113350,12.45,2.68,6.06,61.43,53.35
06055,Napa,2020,28555,4.29,2.12,7.75,34.97,49.54
06057,Nevada,2020,17000,5.45,0.42,1.13,9.65,52.46
06059,Orange,2020,697715,8.1,1.73,21.31,34.2,53.35
06061,Placer,2020,87116,4.2,1.62,8.22,14.39,48.88
06063,Plumas,2020,3172,8.04,1.51,1.25,9.45,41.6
06065,Riverside,2020,613823,10.47,6.58,6.86,50.22,55.02
06067,Sacramento,2020,363852,12.53,9.81,16.9,23.74,52.06
06069,San Benito,2020,15844,8.47,0.86,2.86,60.61,46.11
06071,San Bernardino,2020,570845,14.05,8.38,7.59,55.2,54.12
06073,San Diego,2020,718250,9.0,5.06,12.3,34.76,54.07
06075,San Francisco,2020,117363,5.94,5.22,34.88,15.43,35.35
06077,San Joaquin,2020,203670,12.69,7.23,16.26,42.66,51.36
06079,San Luis Obispo,2020,49949,5.6,1.83,3.96,24.12,51.34
06081,San Mateo,2020,156769,3.84,2.38,29.64,24.3,46.36
06085,Santa Clara,2020,421988,4.46,2.5,38.28,25.46,43.63
06087,Santa Cruz,2020,52286,7.85,1.33,5.19,35.17,52.18
06091,Sierra,2020,444,6.08,0.1,0.0,10.21,39.34
06095,Solano,2020,98625,8.6,14.06,15.95,27.51,50.74
06097,Sonoma,2020,97601,6.3,1.69,4.34,27.36,51.68
06101,Sutter,2020,24979,12.39,1.99,16.82,31.66,45.7
06103,Tehama,2020,15329,17.48,0.66,1.72,25.94,51.09
06107,Tulare,2020,142777,19.71,1.66,3.78,65.96,48.41
06109,Tuolumne,2020,8986,6.92,1.99,1.49,13.45,50.9
06113,Yolo,2020,45977,9.14,2.7,14.98,32.89,48.27
06115,Yuba,2020,21355,12.62,3.47,7.43,29.45,47.2
06051,Mono,2020,2983,19.41,0.57,4.44,27.32,35.52
06005,Amador,2020,5962,5.3,2.63,1.06,15.79,42.46
06009,Calaveras,2020,7618,11.62,0.99,1.9,12.57,55.02
06015,Del Norte,2020,6003,10.59,3.03,3.57,22.51,53.31
06021,Glenn,2020,7491,9.22,0.79,3.16,42.66,39.68
06027,Inyo,2020,3722,10.93,0.55,1.59,23.47,34.73
06033,Lake,2020,13528,15.75,2.51,1.49,21.69,47.93
06037,Los Angeles,2020,2178559,12.7,8.2,15.06,49.08,54.4
06083,Santa Barbara,2020,99039,9.55,2.0,5.81,47.86,53.02
06089,Shasta,2020,38668,12.73,1.09,3.28,10.54,49.2
06093,Siskiyou,2020,8800,15.47,1.55,1.27,13.0,47.22
06099,Stanislaus,2020,148177,11.9,3.13,5.91,47.33,48.68
06105,Trinity,2020,2161,24.71,0.53,1.98,7.57,48.52
06111,Ventura,2020,193847,7.77,1.85,7.35,43.4,55.55
06001,Alameda,2021,344088,6.03,10.36,32.1,22.75,46.49
06003,Alpine,2021,289,14.53,0.6,0.74,14.66,10.13
06005,Amador,2021,6114,2.96,2.73,1.25,16.31,42.78
06007,Butte,2021,44310,11.81,1.88,5.16,17.87,52.59
06009,Calaveras,2021,7722,14.74,0.98,2.27,13.19,53.58
06011,Colusa,2021,5936,12.4,1.68,0.91,61.05,39.81
06013,Contra Costa,2021,263508,6.62,8.7,17.96,26.41,50.92
06015,Del Norte,2021,5990,12.15,3.32,3.33,22.86,52.68
06017,El Dorado,2021,38068,6.42,0.87,5.0,13.43,49.83
06019,Fresno,2021,286311,19.11,4.6,10.86,54.95,51.05
06021,Glenn,2021,7769,10.35,0.59,3.51,43.34,45.77
06023,Humboldt,2021,26244,13.38,1.3,3.24,12.61,58.58
06025,Imperial,2021,51865,18.85,2.88,1.49,90.27,51.67
06027,Inyo,2021,3996,9.86,0.48,1.62,24.17,32.02
06029,Kern,2021,262988,17.99,5.57,5.01,56.67,50.62
06031,Kings,2021,41348,16.48,7.3,4.28,61.5,43.58
06033,Lake,2021,14489,13.4,2.44,1.46,22.69,47.01
06035,Lassen,2021,5416,9.84,12.26,2.23,28.18,43.04
06037,Los Angeles,2021,2169083,11.97,8.06,14.99,49.47,54.37
06039,Madera,2021,43188,18.31,3.14,2.41,62.51,46.72
06041,Marin,2021,52454,5.36,2.33,6.18,16.74,48.94
06043,Mariposa,2021,2896,17.47,0.88,1.09,12.57,49.05
06045,Mendocino,2021,19587,12.88,0.71,2.24,26.74,50.27
06047,Merced,2021,82578,18.42,2.95,7.68,62.62,44.26
06049,Modoc,2021,1709,22.06,2.03,0.79,15.57,40.0
06051,Mono,2021,2647,18.55,0.14,4.66,27.6,28.27
06053,Monterey,2021,115434,11.55,2.59,6.07,62.07,53.91
06055,Napa,2021,28404,4.69,2.1,7.94,35.49,51.21
06057,Nevada,2021,17577,7.0,0.42,1.19,9.9,56.97
06059,Orange,2021,699691,7.44,1.75,21.57,34.43,53.07
06061,Placer,2021,89446,3.94,1.62,8.57,14.77,49.27
06063,Plumas,2021,3421,9.21,1.78,0.72,9.79,41.62
06065,Riverside,2021,606535,9.71,6.6,6.91,51.12,55.47
06067,Sacramento,2021,372547,11.42,9.81,17.09,24.17,51.93
06069,San Benito,2021,16452,6.03,0.96,3.14,61.26,46.66
06071,San Bernardino,2021,573984,12.89,8.22,7.69,55.95,54.0
06073,San Diego,2021,713838,8.66,5.03,12.27,35.21,54.43
06075,San Francisco,2021,118194,5.86,5.3,34.93,15.63,35.67
06077,San Joaquin,2021,209515,12.53,7.14,16.92,43.28,50.76
06079,San Luis Obispo,2021,50215,6.91,1.59,3.79,24.54,52.73
06081,San Mateo,2021,155785,3.78,2.38,30.12,24.32,46.06
06083,Santa Barbara,2021,100508,10.35,1.97,5.77,48.65,53.71
06085,Santa Clara,2021,422063,3.91,2.5,38.73,25.51,43.28
06087,Santa Cruz,2021,51985,6.32,1.18,5.17,35.61,50.43
06089,Shasta,2021,39623,11.64,1.15,3.37,10.92,47.92
06091,Sierra,2021,475,3.16,0.07,0.0,11.3,29.22
06093,Siskiyou,2021,8981,13.8,1.74,1.49,13.42,47.78
06095,Solano,2021,100496,8.22,13.75,16.01,28.18,51.41
06097,Sonoma,2021,96796,5.89,1.59,4.45,27.93,51.66
06099,Stanislaus,2021,150291,11.91,2.99,5.84,48.33,48.43
06101,Sutter,2021,25779,11.11,1.92,16.56,32.29,45.62
06103,Tehama,2021,15739,16.86,0.92,1.81,26.63,48.62
06105,Trinity,2021,2573,19.04,0.56,2.17,7.64,35.21
06107,Tulare,2021,145107,17.66,1.69,3.7,66.64,48.0
06109,Tuolumne,2021,9388,5.73,1.82,1.53,13.79,51.22
06111,Ventura,2021,193250,7.75,1.86,7.36,43.98,55.64
06113,Yolo,2021,45449,7.27,2.72,15.03,33.26,49.82
06115,Yuba,2021,22298,12.45,3.66,7.33,30.08,48.06
06001,Alameda,2022,332827,5.95,10.35,32.66,22.58,46.8
06003,Alpine,2022,345,13.62,0.0,0.2,14.06,13.33
06005,Amador,2022,6244,3.25,1.88,1.38,16.34,46.26
06007,Butte,2022,43011,11.65,1.85,5.36,18.38,52.35
06009,Calaveras,2022,7690,9.43,1.0,1.98,13.7,52.17
06011,Colusa,2022,5807,9.09,1.7,0.76,61.48,36.67
06013,Contra Costa,2022,258051,6.43,8.79,18.43,26.61,51.71
06015,Del Norte,2022,5798,10.3,2.98,3.42,22.34,49.47
06017,El Dorado,2022,37685,5.65,0.74,5.23,13.62,51.3
06019,Fresno,2022,282976,18.13,4.55,10.91,55.18,50.71
06021,Glenn,2022,7580,15.18,0.36,3.47,43.69,38.53
06023,Humboldt,2022,25608,12.52,1.4,3.3,12.87,57.99
06025,Imperial,2022,51049,18.25,2.69,1.58,89.46,50.57
06027,Inyo,2022,3838,7.58,0.98,1.76,24.41,37.63
06029,Kern,2022,261013,17.01,5.32,5.1,56.93,51.75
06031,Kings,2022,41048,15.63,7.05,4.26,61.33,43.34
06033,Lake,2022,14511,13.26,2.31,1.38,23.5,47.5
06035,Lassen,2022,5460,8.37,11.21,2.38,27.23,42.95
06037,Los Angeles,2022,2093072,11.47,7.98,15.06,49.45,54.46
06039,Madera,2022,42872,17.48,2.72,2.44,62.44,46.25
06041,Marin,2022,50946,4.87,2.43,6.41,16.87,49.68
06043,Mariposa,2022,2927,25.66,0.83,1.36,13.11,50.68
06045,Mendocino,2022,19250,14.4,0.73,2.19,27.23,50.53
06047,Merced,2022,82317,17.34,3.01,7.44,63.13,43.35
06049,Modoc,2022,1636,19.5,1.96,1.45,15.65,38.65
06051,Mono,2022,2509,15.66,0.31,4.14,27.35,21.16
06053,Monterey,2022,113042,11.5,2.32,6.15,62.19,52.34
06055,Napa,2022,27447,5.6,1.87,8.14,35.78,50.55
06057,Nevada,2022,17355,6.94,0.37,1.62,10.07,54.65
06059,Orange,2022,680041,6.76,1.71,21.96,34.34,53.17
06061,Placer,2022,89190,3.86,1.63,8.8,15.0,52.23
06063,Plumas,2022,3412,11.23,1.81,0.65,10.13,38.35
06065,Riverside,2022,597531,9.28,6.57,6.97,51.54,55.23
06067,Sacramento,2022,365288,11.31,9.74,17.42,24.25,52.3
06069,San Benito,2022,16474,5.45,0.96,3.23,61.81,46.78
06071,San Bernardino,2022,564737,12.01,8.04,7.92,56.19,54.7
06073,San Diego,2022,697372,8.1,4.95,12.41,35.41,54.66
06075,San Francisco,2022,115402,5.04,5.26,35.34,15.7,35.5
06077,San Joaquin,2022,207464,11.51,7.17,17.53,43.39,49.68
06079,San Luis Obispo,2022,49037,7.4,1.3,3.97,24.6,53.21
06081,San Mateo,2022,150187,3.74,2.3,30.76,24.1,46.48
06083,Santa Barbara,2022,98581,9.39,1.98,5.72,48.83,53.88
06085,Santa Clara,2022,405816,3.79,2.43,39.56,25.25,42.86
06087,Santa Cruz,2022,50320,6.32,1.1,5.11,35.71,49.61
06089,Shasta,2022,39190,9.63,0.98,3.12,11.18,45.78
06091,Sierra,2022,406,9.11,0.25,0.0,11.63,26.67
06093,Siskiyou,2022,8872,12.71,1.62,1.62,13.63,49.25
06095,Solano,2022,98997,7.87,13.53,16.04,28.59,51.96
06097,Sonoma,2022,94082,5.76,1.58,4.53,28.36,51.47
06099,Stanislaus,2022,148111,11.68,2.87,6.07,49.05,48.95
06101,Sutter,2022,25242,11.71,1.98,16.81,32.61,47.19
06103,Tehama,2022,15576,14.79,0.97,1.91,27.14,42.95
06105,Trinity,2022,2608,17.6,1.39,2.49,7.62,31.94
06107,Tulare,2022,142992,16.37,1.65,3.63,66.91,46.69
06109,Tuolumne,2022,9333,7.33,1.63,1.56,13.67,53.7
06111,Ventura,2022,187695,7.51,1.81,7.34,44.21,55.99
06113,Yolo,2022,44537,8.22,2.85,15.27,33.39,52.11
06115,Yuba,2022,22163,13.26,3.62,7.92,30.33,48.47
